Instructor,A rate,Pass rate,Withdraw rate
"Lauritis, Beth Ann",74.0,98.0,0.5
"Feeser, Andrea V",84.0,100.0,0.0
"Gibson, Mary Robinson",26.25,78.0,7.5
"Grant, Julie H",42.0,87.0,4.6
"McMillan, Jeffrey J",36.75,84.25,6.0
"Hollingsworth, Carl W",34.0,92.0,2.0
"Tegen, Charles A",32.5,95.0,1.0
"Maiberger, Philip A",8.5,59.25,10.5
"Martin, Caleb Jay",41.0,97.0,1.0
"Madray, J Russell",25.75,84.5,7.25
"McCorkle, Emily Suzanne",32.6,88.4,2.6
"Garrison J, David Walter",37.2,92.00000000000001,1.8
"Krupa, Nicholas R.",36.333333333333336,87.0,3.3333333333333335
"Garrett, Jace B",25.0,90.0,4.0
"Weaver, Andy P",27.75,88.5,5.5
"Hawkins, Erin Michelle",41.0,96.0,3.0
"Schlicksup, Peter James",18.0,71.5,8.5
"Philo, Annieka C",45.25,94.5,1.25
"Goodson, Brian Matthew",31.5,87.5,3.0
"Ledbetter, John Howard",37.333333333333336,89.33333333333334,8.333333333333334
"Hawkins, James Craig",17.75,87.0,2.0
"Knause, Terry Daniel",47.8,90.4,7.2
"Barnes, James D",52.25,98.25,0.5
"Mammadov, Babak",45.666666666666664,96.33333333333333,1.0
"Hawk, Holly Rhiannion",36.0,98.66666666666667,0.0
"Polk, Ryan Christopher",18.666666666666668,92.66666666666667,0.0
"Gardner, Jesse",23.0,85.5,2.5
"Yazzie, Courtney Elaine",40.75,94.25,0.75
"McPhee, Gregory Patrick",41.0,97.5,1.5
"Vinson, Jeremy Michael",57.333333333333336,96.33333333333334,1.3333333333333333
"Pearse, Suzanne",65.33333333333333,94.0,2.0
"Harp, Nancy Lee",54.0,98.5,0.0
"Davis-Culler, Phebian L",79.0,97.0,0.0
"Cussatt, Marc A",58.666666666666664,97.33333333333333,0.0
"Lovern, Maryann Mishelle",47.0,94.0,0.0
"Layfield, Kevin D",88.0,96.0,4.0
"Massey, Hunter F",31.333333333333332,90.33333333333333,2.0
"Turner, Aaron Paul",46.0,96.0,1.0
"Su, Qiong",58.0,98.5,0.5
"Koc, Ali Bulent",26.0,100.0,0.0
"McLamore, Eric S",64.0,100.0,0.0
"Vassalos, Michael",19.75,77.25,2.0
"Berg, Nikolas L",57.5,98.5,1.0
"Willis, David Brian",30.5,89.0,1.5
"Thayer, Anastasia",16.0,83.5,0.0
"De Figueiredo Silva, Felipe",34.0,89.0,0.0
"Smith, Nathaniel B",77.0,100.0,0.0
"Soles, Misty B",91.5,98.0,0.0
"Yeargin, Richard Donell",84.0,100.0,0.0
"Connor, Clyde Keith",60.333333333333336,96.0,1.3333333333333333
"Neuder, Joel P",85.0,101.0,0.0
"Carter, Kelly Lamar",90.0,96.0,4.0
"Fry, Edmond H",75.25,93.0,3.0
"Plumblee, John T",46.0,96.0,0.0
"Ellison, Kirk W",74.0,100.0,0.0
"Whitrow, Nicholas Philip Edward",82.0,95.66666666666667,2.6666666666666665
"Godfrey, Michael G",43.0,85.33333333333333,2.6666666666666665
"Colbert, Isaac Sean",32.5,97.5,0.0
"Payne, Gilbert Wayne",59.5,100.0,0.0
"Moore, Edward F",70.0,93.0,2.6666666666666665
"Carter, Natalie Anne",43.0,89.66666666666667,1.3333333333333333
"Cadorette, Deborah Jo",72.0,100.0,0.0
"Young, Kyle McLendon",85.0,100.0,0.0
"Pitts, Rosalyn Mew",71.0,100.0,0.0
"Stokowski, Sarah E",69.0,100.0,0.0
"Corr, Christopher Thomas",77.33333333333333,98.33333333333333,2.0
"Butler, Janna Magette",80.33333333333333,96.99999999999999,1.6666666666666667
"Tremblay, Suzanna Eve",64.57142857142857,94.57142857142857,1.5714285714285714
"Rapaport, Lisa G",50.0,85.0,9.0
"Williams, Justin Patrick",50.5,97.75,0.0
"Markus, David M",56.5,91.5,4.0
"Weisensee, Katherine E",91.0,100.0,0.0
"Coggeshall, John M",13.5,75.5,8.5
"Scafuri, Michael P",75.0,100.0,0.0
"Lloyd, Kristin Marie",60.5,96.0,2.0
"Hambright-Belue, Sallie Rebecca",62.0,89.0,0.0
"Terim, Berrin",57.5,95.0,2.5
"Floyd, Harrison Michael",58.0,100.0,0.0
"Jefferies, Byron B",50.0,91.0,0.0
"Coker, Kathleen Nicole",67.0,100.0,0.0
"Sculco, Steven James",55.5,90.5,0.0
"Yusufoglu, Cihan",66.5,89.5,7.0
"Nilsson, R Kent",32.5,83.5,2.5
"Trick, Amy Christine",35.5,96.0,0.0
"Wilkerson, Julie Poe",67.0,100.0,0.0
"Mendez, Clarissa A",84.5,100.0,0.0
"Roberts, Kendall Maurice",50.0,100.0,0.0
"Kiser, Kyle David",63.0,101.0,0.0
"Hunkar, Ertunc",57.0,100.0,0.0
"Savory, Thomas Mark",87.5,99.5,0.0
"Urueta, Michael Benjamin",71.0,99.0,0.0
"Watson, Bradford A",50.0,100.0,0.0
"Brown, Timothy Burl",64.0,100.0,0.0
"Heine, Ulrike Ann-Sophie",52.0,96.5,3.5
"Tessmer, Lavender Rose",87.0,100.0,0.0
"Pass, Brandon George",52.0,86.0,5.0
"Soyka, Gregory Anton",65.0,100.0,0.0
"del Monte, Richard",65.0,97.5,0.0
"Bello, Norman Edward",59.0,100.0,0.0
"Charzewski, Jennifer Graham",79.0,100.0,0.0
"Craig, Lynn George Fred",40.0,90.0,10.0
"Battisto, Dina G.",72.0,95.33333333333334,4.333333333333333
"Lee, David M",35.0,97.5,2.5
"Laurence, Peter L",63.5,92.0,0.0
"Usher, Christopher Todd",78.0,100.0,0.0
"Dorsey, Rayshad Earnest",13.0,100.0,0.0
"Albright, Dustin Graham",74.0,95.0,5.0
"Blouin, Vincent Yves Marie",71.5,98.0,1.5
"Beerman, Bryan Mathew",78.0,100.0,0.0
"Allison, David J",33.0,88.0,11.0
"Bolton, Jonathan Aden",56.0,89.5,0.0
"Stevens, Brooks Harris",78.0,89.0,6.0
"Brandt, Kiley Ann",73.0,86.0,0.0
"Musick, Amanda Denise",85.5,97.0,0.0
"McDonald, Maya Aida",50.0,92.0,0.0
"Odum Walker, Beth Camille",90.0,97.0,3.0
"Manson V, Joseph Richard",93.0,100.0,0.0
"Ferguson, Mandy Loraine",77.0,85.0,8.0
"Gerhard, David Sidney",53.0,93.0,0.0
"Cohen, Jennifer B",77.5,95.5,0.0
"Cummings, John Howard",50.0,100.0,0.0
"Donar, David Stewart",50.0,100.0,0.0
"Kiser, Christopher J",89.0,100.0,0.0
"Goodrich, Tasha Lynette",72.66666666666667,98.66666666666667,0.0
"Fattibene, Anthony Pasquale",62.5,98.75,0.0
"Hurdich, Jason",54.75,96.0,0.0
"Clements, William Ryals",80.0,97.33333333333333,1.6666666666666667
"Cripps, Jody Herbert",67.0,67.0,0.0
"Connick, David Edward",69.55555555555556,97.66666666666667,0.6666666666666666
"Gyngard, Frank Martin",55.0,95.0,2.0
"Altstatt, Hamilton S",59.0,91.5,8.5
"Brooks, Johnell O",80.0,100.0,0.0
"Kivett, Dee Ann Wood",93.0,100.0,0.0
"Zhang, Jiangfeng",79.0,100.0,0.0
"Henderson, Andrew J",34.0,96.0,0.0
"Agarwal, Ankit",19.0,101.0,0.0
"Schmid, Matthias Josef Alexander",40.0,94.0,7.0
"Lawler, Benjamin John",69.0,93.5,0.0
"Papari, Behnaz",59.0,100.0,0.0
"Pisu, Pierluigi",33.0,100.0,0.0
"Zhu, Qilun",74.0,100.0,0.0
"Krugh, Matthew Charles",60.0,100.0,0.0
"Jia, Yunyi",61.0,100.0,0.0
"Farahani, Saeed",82.0,100.0,0.0
"Mino, Michael George",39.0,95.0,0.0
"Forbes, James Wendell",70.0,91.0,6.5
"Prucka, Robert G",62.0,100.0,0.0
"Liu, Shunyu",47.0,87.0,13.0
"Ayalew, Beshah",71.0,100.0,0.0
"OBrien, Stephanie",86.0,94.0,0.0
"Bolt, Brian G",36.5,90.5,5.0
"Miller, Richelle Lorraine",62.18181818181818,99.0,0.36363636363636365
"Hwang, Erika Christine",78.0,101.0,0.0
"Birrenkott, Glenn P",75.5,100.0,0.0
"Youssief, Mohammed Abdelhay Elsayed",85.0,100.0,0.0
"Long, Nathan M",15.0,65.0,20.0
"Lascano, Gustavo Jose",72.0,99.0,0.0
"Bruner, Richard Hamilton",77.0,100.0,0.0
"Gleaton, Heather Kathleen",85.5,100.0,0.0
"Ali, Ahmed Badr Abdelwahab",87.0,100.0,0.0
"Duckett, Susan Kay",38.0,88.0,2.5
"Abdelaziz, Khaled",58.666666666666664,97.66666666666666,1.3333333333333333
"Strickland, James Robert",78.0,100.0,0.0
"Vernon, Kristine Lang",64.0,101.0,0.0
"Aguerre, Matias Jose",30.0,100.0,0.0
"Pratt, Scott Lee",30.0,86.0,4.0
"Arguelles-Ramos, Mireille",50.0,91.5,0.0
"Starr-Moss, Alison Nicole",91.0,98.5,0.0
"Ingram-Smith, Cheryl Jean",26.0,73.0,5.0
"Beebe, Lindsey Lee",36.5,91.5,0.5
"Anderson, Heidi Dodson",80.5,96.0,1.5
"Ford, Geoffrey T",74.0,94.75,1.5
"Feltus, Frank Alexander",77.5,90.0,1.0
"Morris, James C",80.0,100.0,0.0
"Smith, Kerry S.",92.0,100.0,0.0
"Wang, Liangjiang",90.0,100.0,0.0
"Liang, Haiying",78.0,100.0,0.0
"Vanegas Gamboa, Diana Carolina",24.0,82.0,0.0
"Owino, Tom O.",54.0,98.0,2.0
"Todd, Lauren Juliana",55.0,101.0,0.0
"Harvey, Tyler George",81.0,90.33333333333333,10.0
"Dean, Delphine",89.5,94.0,6.5
"Bruce, Maria Margarita Rodriguez",95.0,100.0,0.0
"Webb, Charles K",53.0,96.0,4.0
"Booth, Brian William",75.0,97.0,0.0
"Nagatomi, Jiro",79.5,89.5,9.0
"Thomas, Vishal Joseph",61.5,83.0,6.0
"Vertegel, Alexey Alexandrovich",65.0,86.0,3.0
"Gao, Zhi",46.0,96.0,0.0
"Gilmore, Jordon Anthony Stowe",63.0,97.0,0.0
"Tam, Laura Elizabeth",84.5,100.0,0.0
"Harman, Melinda K",81.5,100.0,0.0
"Alexander, Angela Antoinette",64.0,100.0,0.0
"Dunn, Heather Walker",57.0,86.0,0.0
"Desjardins, John D",83.0,83.0,17.0
"Ribeiro Cerqueira, Susana Isabel",83.0,83.0,17.0
"Weinbrenner, Donna Ruth",62.0,90.66666666666667,4.0
"Harcum, Sarah W",22.0,89.0,11.0
"Vyavahare, Narendra R",55.0,91.0,9.0
"Laberge, Martine",88.0,101.0,0.0
"Mercuri, Jeremy J",86.0,100.0,0.0
"Mercuri, Jennifer Marie",94.0,100.0,0.0
"Ye, Tong",60.0,100.0,0.0
"Baldwin, William S",73.0,95.0,0.0
"Goldman, Chandler Hobson",42.0,94.0,1.5
"Moulton, David Laurence",78.42857142857143,95.42857142857143,2.0
"Novak, Megan Veronica",39.5,93.0,2.0
"Kaisa, Tafadzwa R",64.9,95.18,1.5
"Minor, Verna Christine M",28.0,89.0,2.0
"Willemssens, Kelly Ashley",33.5,95.0,0.5
"Deconinck, Aimee D",33.0,92.0,3.0
"May, Cassandra Joy",60.4,95.8,2.6
"Wagner, Lisa Ruggiero",65.66666666666667,94.66666666666667,2.6666666666666665
"Cummings, John R",27.5,81.0,4.5
"Chapman, Susan Caroline",73.5,97.5,1.5
"Abernathy, Virginia Ellen",57.25,90.5,3.0
"Redding, Nathan W",48.3,91.8,2.2
"Blob, Richard W.",61.285714285714285,96.57142857142857,1.7142857142857142
"Van den Hurk, Peter",85.0,100.0,0.0
"Espinoza, Nora R",47.0,89.0,4.0
"Powder, Kara Elizabeth",94.0,100.0,0.0
"Richards, Vincent Paul",35.5,83.5,10.5
"Endara, Carmen Lorena",27.5,90.75,2.25
"George, Julia M",69.0,97.0,0.0
"Kerrigan, Julia Louise",63.0,92.75,3.75
"Bain, Lisa J",49.333333333333336,86.00000000000001,7.333333333333333
"Rock, Kylie D",71.0,99.0,0.5
"Temesvari, Lesly",55.0,92.0,2.6666666666666665
"Liu, Qing",89.0,97.0,0.0
"Qanungo, Kaustubha Ratan",82.375,98.875,1.25
"Gallicchio, Vincent S",93.0,97.0,0.0
"Turnbull, Matthew W",22.0,79.0,9.0
"Rice, Charles D",92.0,100.0,0.0
"Wei, Yanzhang",82.0,100.0,0.0
"Feliciano, David M",93.0,100.0,0.0
"Parkinson, Christopher L",89.0,100.0,0.0
"Anderson, Denise Marie",67.0,94.0,7.0
"Tumblin, William Ernest",71.875,99.0,0.75
"Lockhart, Kristy Payant",72.0,97.5,2.5
"Acker, Serita",46.5,93.5,3.0
"Ternes, Samantha Jo",60.0,95.5,2.5
"Burton, ONeil B",52.5,94.0,5.5
"Fields, David Matthew",72.0,95.0,0.0
"Bundrick, Alfred E",66.16666666666667,95.83333333333334,0.8333333333333334
"Monaghan, Neil Martin",54.0,98.5,0.5
"Onan, David Lander",62.5,96.0,4.0
"Britton, John S",54.5,95.0,5.0
"Williams, Jill Richardson",42.0,90.0,5.0
"Christensen, Monica Rae",93.0,98.5,1.0
"Kennedy, Alexis Michelle",89.28571428571429,98.14285714285714,2.0
"Balts, Keith W",62.2,97.0,1.0
"Watson, Lawrence Reed",78.6,97.8,0.2
"De Iulio, Edward Barry",82.5,98.5,0.75
"Danuser, Emily Nicole",69.5,96.0,2.5
"Sanabria Hernandez, Hugo",81.0,94.0,0.0
"Beeson, Thomas Stuart",58.0,75.0,25.0
"Amer, Omar Alsanusi",87.33333333333333,96.0,1.6666666666666667
"Sternhagen, Melissa M",21.333333333333332,80.66666666666666,8.333333333333334
"Kaye, Nigel Gregory",75.4,99.00000000000001,0.6
"Ross, Brandon E",56.5,96.0,3.0
"Forghanparast, Farhang",81.0,99.33333333333333,1.0
"Beckner, Rachelle Leigh",84.0,100.0,0.0
"Sarasua, Wayne A",32.666666666666664,93.66666666666666,0.6666666666666666
"Stoner, Michael Wallace",58.0,99.0,0.0
"Cid Montoya, Miguel",32.0,92.0,2.0
"Shen, Jiayun",60.0,100.0,0.0
"Andrus, Ronald D.",26.0,96.0,1.0
"Rockow, Zoraya Roldan",55.0,98.66666666666667,0.0
"de la Garza, Jesus M.",33.0,100.0,0.0
"Khan, Abdul A",19.5,82.5,1.5
"Esmaeilpoursaee, Amirreza",92.0,100.0,0.0
"Piratla, Kalyan Ram",71.0,96.5,0.5
"Bolding, Candice Wicker",83.5,97.5,1.5
"Redmond, Laura Mae",58.0,91.0,6.0
"Naser, Mohannad Z",39.5,97.0,0.0
"Pang, Weichiang",69.0,95.0,4.0
"Ravichandran, Nadarajah",33.0,90.0,0.0
"Le, Tuyen Thanh",80.0,100.0,0.0
"Leiva Villacorta, Fabricio",65.0,101.0,0.0
"Fan, Chao",85.0,100.0,0.0
"Salek, M Sabbir",71.0,100.0,0.0
"Murray-Tuite, Pamela Marie",36.0,90.0,9.0
"Taylor, Dennis F",27.0,72.0,12.0
"Houjeiry, Tania",32.0,75.5,6.0
"Cooper, Destinee Johnson",42.0,82.0,6.0
"Schroeder, Jacob D",28.333333333333332,84.66666666666666,6.0
"Han, Tingting",31.0,77.33333333333333,9.333333333333334
"Geiculescu, Olt E",31.0,90.66666666666667,5.0
"Ennis, Elliot",56.5,87.25,3.0
"Hwu, Shiou-jyh",42.5,82.5,5.0
"Cox, Princess MyCia",59.8,83.99999999999999,4.6
"Williams, Charles Bryson",31.0,80.0,4.0
"Yadav, Ashok",18.0,69.0,12.0
"Choi, Sooyun",17.333333333333332,71.33333333333333,4.333333333333333
"Delach, Diana Lauren",22.0,78.0,5.333333333333333
"Schvaneveldt, Stephen Jon",21.0,83.66666666666667,7.333333333333333
"Hickman, Thomas D",38.666666666666664,89.0,1.6666666666666667
"Plampin, James Nelson",88.83333333333333,88.83333333333333,11.333333333333334
"Smith, Ashlyn Dennis",32.666666666666664,79.0,4.666666666666667
"Kim, Byoungmoo",50.0,101.0,0.0
"Jacobson, David",28.0,95.0,0.0
"Casabianca, Leah Beck",26.0,78.0,7.0
"Estes, Shanna Lynn",55.0,100.0,0.0
"Tennyson, Andrew Gregory",86.0,92.0,9.0
"Brumaghim, Julia",57.0,100.0,0.0
"Chumanov, George",51.0,100.5,0.0
"Sun, Ya-ping",40.0,100.0,0.0
"Anker, Jeffrey Nathan",63.0,101.0,0.0
"Melvin, Adam Thomas",33.0,91.0,0.0
"Davis, Eric Mikel",29.0,70.0,1.0
"Bruce, David A",27.0,88.0,0.0
"Norfolk, Christopher William",47.0,92.0,0.0
"Roberts, Mark E",75.0,100.0,0.0
"Roat, Suzanne Deirdre",66.0,96.0,0.0
"Husson, Scott M",86.0,98.0,0.0
"Larsen, Jessica Marie",85.0,99.0,0.0
"Melvin, Elizabeth Micelle",48.0,94.0,0.0
"Thies, Mark C",45.0,99.0,0.0
"Yang, Ming",30.0,100.0,0.0
"Zhang, Yanhua",83.0,91.0,8.0
"Rao, Ling",20.0,90.0,0.0
"An, Yanming",38.666666666666664,90.66666666666667,9.333333333333334
"Chen, Su-I",81.0,96.0,0.0
"Fecher, Daniel Leland",82.66666666666667,98.00000000000001,1.6666666666666667
"Glaser, Marianne Herr",87.66666666666667,96.33333333333333,2.0
"Condon, Vanessa Anne",81.33333333333333,92.66666666666666,1.3333333333333333
"Baker, Caitlin E",73.0,98.5,0.0
"Calabrese, Christopher Giacomo Yoshi",66.5,95.0,1.5
"Ash, Erin Michelle",63.5,100.5,0.0
"McKenzie, Ashley Hedrick",93.0,100.0,0.0
"Brewer, Charles John",80.66666666666667,100.33333333333334,0.0
"Davis-Bryant, Kevin Lynn",61.0,87.5,4.25
"Covert, Marshall Thomas",63.0,100.0,0.0
"Crocker, Sara Grumbles",72.0,90.5,8.0
"Davis, Alyssa Christine",86.5,100.0,0.0
"Dixon, Lindsey C",79.0,89.0,5.0
"Ratliff, William Charles",78.75,97.5,0.0
"Team, Morgan Leigh",86.0,97.0,0.0
"Pikel, Ashley Lauren",61.25,92.5,5.0
"Walker, Brittanny Lanay",81.5,96.25,1.75
"Garza, Mattelyn Nicole",81.0,97.25,1.25
"Davis, Alexis Zachary",74.0,90.0,7.5
"Saucier, Camille Jacquelyne",68.5,98.0,0.0
"Rodgers, Michael E.",88.0,101.0,0.0
"Robertson, Nigel F",89.0,94.0,5.0
"Cranmer, Gregory Keith",71.5,100.0,0.0
"Boatwright, Brandon Carl",90.0,100.0,0.0
"Wingate, Victoria Skye",87.0,96.0,0.0
"Gilmore, James Nicholas",84.0,98.5,0.0
"Jones, Karyn O",67.0,100.0,0.0
"DiRusso, Carlina Domenica",90.0,100.0,0.0
"Sellnow, Timothy",89.0,101.0,0.0
"Pyle, Andrew Stephen",89.0,101.0,0.0
"Harrison, Virginia Susan",89.0,100.0,0.0
"Kittelstad, Catherine Ann",33.0,81.5,2.0
"Wooster, Edgar Daniels",25.0,78.0,8.0
"Adkins-Daniel, Alexandra Mariana",44.0,78.33333333333334,14.333333333333334
"Engineer, Margi Jigneshkumar",51.0,69.0,12.0
"Plaue, Christopher M",39.0,78.0,12.0
"Patrick, Ryan Stewart",32.666666666666664,76.66666666666666,15.333333333333334
"Widman, Nicolas Benjamin",62.166666666666664,95.5,1.8333333333333333
"Xu, Ran",61.0,95.5,0.5
"Re, Matthew Joseph",48.666666666666664,93.33333333333333,0.0
"Lowe, Rose M",70.0,90.0,7.0
"Feaster, Yvon H.",25.5,75.5,6.0
"Shue, Mitch",93.33333333333333,99.66666666666666,0.3333333333333333
"Ransom, Timothy Scott",54.0,87.0,3.0
"Smotherman, Mark K",47.333333333333336,95.66666666666667,2.0
"Sorber, Jacob M",16.0,49.0,33.0
"Zhang, Zhenkai",64.0,90.0,3.0
"Goddard, Wayne D",18.0,94.0,2.0
"Yuan, Xiaoyong",85.5,97.0,0.5
"Drachova, Svetlana V",43.333333333333336,78.0,10.666666666666666
"Robb, Andrew C",56.5,82.0,13.5
"Taylor, Constance Louise",51.0,93.66666666666667,2.0
"Brinkley, Julian Langston",85.0,98.0,1.0
"Rodeghero, Paige Anne",77.66666666666667,89.0,7.0
"Ge, Rong",78.33333333333333,91.66666666666666,4.333333333333333
"Pese, Mert",63.25,95.25,3.75
"Iuricich, Federico",55.0,96.0,2.0
"Dhillon, Daljit Singh",33.0,76.0,10.0
"Babu, Sabarish Venkat",26.0,89.0,4.0
"Duchowski, Andrew T",60.0,100.0,0.0
"Park, Jinkyung Katie",80.0,95.0,2.0
"Volonte, Matias",83.0,95.0,2.0
"Barwulor, Catherine",27.0,97.0,0.0
"Cheng, Long",61.0,100.0,0.0
"Toxtli Hernandez, Carlos",80.0,90.0,7.0
"Masino, Aaron J",86.0,100.0,0.0
"Razi, Abolfazl",58.333333333333336,77.0,7.0
"Li, Nianyi",76.66666666666667,90.0,10.0
"Flathmann, Christopher Tod",88.0,100.5,0.0
"Van Scoy, Roger Larry",43.25,95.25,1.5
"Jin, Shuangshuang",55.0,95.0,5.0
"Freeman, Guo",71.5,98.5,1.5
"Kraemer, Eileen Theresa",78.0,92.5,0.0
"Dean, Brian Christopher",20.0,66.0,20.0
"Liu, Kai",89.5,95.5,4.5
"Luo, Feng",60.0,99.0,2.0
"Huang, Siyu",92.0,100.0,0.0
"Yu, Lu",56.6,91.39999999999999,3.0
"Morris, Eric A",39.0,72.0,6.0
"Kinney, Edward Aaron",42.0,100.0,0.0
"Nocks, Barry C",67.0,100.0,0.0
"Dyckman, Caitlin",62.0,82.5,3.5
"Waugaman, Gretchen E",67.5,100.0,0.0
"Jackson, Nathaniel M",78.0,96.5,0.0
"Bingenheimer, Kirk Alan",46.0,100.0,0.0
"Sharma, Harnish",70.5,99.5,0.0
"Gauthier, Richard William",47.0,101.0,0.0
"Boulding, Alastair Wright",76.66666666666667,100.0,0.0
"Burgett, Joseph Michael",61.0,100.33333333333333,0.0
"Yoon, Jonghan",63.5,97.5,2.0
"Mousavi Rizi, Seyed Ehsan",38.0,92.0,4.0
"Bell, Michael Frederick",43.0,86.0,7.0
"Townsend, Craig N",8.0,100.0,0.0
"Corley, Nicholas L",73.0,99.0,0.0
"Gajjar, Dhaval R",52.0,99.0,0.0
"Abukhalaf, Amer Hamad Issa",69.0,100.0,0.0
"Malone, Bryan W",82.0,100.0,0.0
"Lucas, Jason D",82.0,100.0,0.0
"Sharma, Vivek",55.666666666666664,100.0,0.0
"Neel, Catherine Maroska",52.0,77.0,5.0
"Babb, Bryn Zimmermann",79.0,91.0,0.0
"Spellman, Christopher Wilton",87.0,94.0,0.0
"Radford, Katelyn McCulley",89.0,100.0,0.0
"Pyatt, Ti-Ana Zanoviah",91.0,100.0,0.0
"Hosler, Cheryl L",88.0,100.0,0.0
"Florencio Da Costa, Rodney",71.0,71.0,29.0
"Li, Xiang",37.5,87.5,12.5
"Summey, Anthony K",62.0,85.0,8.0
"Kunkel, Deborah Elizabeth",64.5,95.5,3.0
"Breazel, Ellen Hepfer",66.0,88.0,3.0
"Huang, Whitney K",86.0,98.5,0.0
"Ke, Zhihong",51.5,90.5,1.5
"Kim, Hongki",76.0,99.0,1.5
"Tripp, John Frederick",67.0,97.75,0.75
"Vaughn, David E",77.0,94.5,5.5
"Mefford, Olin T",83.33333333333333,95.0,0.0
"Lavalla, Joseph Vincent",80.0,80.0,0.0
"Reid, William J",26.0,78.0,6.666666666666667
"Cai, Qing",71.88888888888889,86.77777777777777,8.444444444444445
"Harrell, William R",69.1,89.8,5.0
"Koley, Goutam",14.0,76.0,6.0
"Martin, Anthony Q",19.5,85.5,2.0
"Raza, Tehseen Z",76.72727272727273,97.36363636363637,0.9090909090909091
"Kapadia, Apoorva Deepak",81.91666666666667,91.25,5.75
"Russell, Harlan B",34.0,76.0,17.0
"Zhao, Lianfeng",34.0,88.0,2.0
"Zhang, Lan",75.0,96.5,0.0
"Hubbard, Stephen J",35.0,81.0,2.0
"Baum, Carl W",33.0,77.0,7.0
"Groff, Richard E",61.5,98.0,0.0
"Edrington, Christopher Shannon",61.0,100.0,0.0
"Dong, Liang",47.0,93.0,5.0
"Wang, Pingshan",17.0,96.0,0.0
"Smith, Melissa Crawley",67.0,67.0,17.0
"Ryckman, Judson Douglas",58.0,90.0,0.0
"Brahma, Sukumar Makarand",48.5,72.0,13.5
"Afghah, Fatemeh",36.0,98.0,2.0
"Ma, Xiaolong",76.5,100.5,0.0
"Wu, Yongkai",91.0,96.0,3.5
"Brooks, Richard R",44.0,69.0,19.0
"Singh, Rajendra",57.5,100.5,0.0
"Wang, Yongqiang",68.5,100.0,0.0
"Raza, Hassan",88.0,100.0,0.0
"Calhoun, Jon Cameron",89.0,89.0,0.0
"Hadidi, Ramtin",33.0,83.0,17.0
"Guo, Linke",71.0,100.0,0.0
"Abd Almageed, Wael",60.0,100.0,0.0
"Campbell, Jacob B",26.0,81.5,5.5
"Ivankovic, Miren",48.0,91.0,3.3333333333333335
"Hanssen, Frederick Andrew",14.2,91.86666666666666,1.0666666666666667
"Adhikari, Pratistha",38.0,98.0,2.0
"Kanode, Alexander",66.0,100.0,0.0
"Posmanick, Benjamin James",45.5,97.5,1.0
"Mclain, Travis S",27.0,74.0,3.0
"Jaros, Benjamin R",44.0,98.0,0.0
"Stalvey, Michael B",42.5,88.0,2.5
"Laha, Meghna",53.0,96.0,5.0
"Eaton, Matthew Ryan",45.0,92.0,6.0
"Xing, Youwei",45.0,99.0,1.5
"Dey, Titir",53.5,95.5,2.5
"Williams, Dean A",18.0,97.0,0.0
"Nwoye, Chukwuma G",53.0,98.0,2.0
"Thomas, Charles J",19.0,86.0,10.0
"Li, Guo",45.0,97.0,0.0
"Leganza, Jonathan Michael",39.5,84.0,4.5
"Guzman, Kendyl Haley",95.0,95.0,5.0
"Banerjee, Srijan",31.5,95.5,2.5
"Hao, Yan",60.0,99.5,0.0
"Hu, Jingyun",63.0,89.0,9.0
"Sweeney, Carol A.",27.333333333333332,85.0,5.0
"Melo, Vitor C",56.0,95.0,0.0
"Loeb, Alexander M",36.0,86.0,5.0
"Hobbs, Bradley Keith",27.0,73.5,3.0
"Sharma, Krishna",95.0,100.0,0.0
"Dunagan, Nicholas Dell",55.0,95.0,0.0
"Espey, Molly",30.5,94.0,0.0
"Warren, Patrick L",25.0,64.0,21.0
"Zhou, Yichen Christy",60.5,91.5,4.0
"Jerzmanowski, Michal Maria",24.5,78.0,4.5
"De Carvalho Lins, Paulo",30.0,81.0,3.0
"Pedtke, Joseph Herman",45.0,88.0,2.0
"Makowsky, Michael D",50.0,96.0,2.0
"Bodenhorn, Howard Nelson",25.0,91.0,3.0
"Litsukova-Bokar, Daria",28.0,81.0,0.0
"Soliman, Adam",54.0,100.0,0.0
"An, Jang Hyeok",53.0,90.0,3.0
"Choi, Jonghyeok",63.0,93.0,0.0
"Tamura, Robert F",78.0,100.0,0.0
"Chen, Cheng",70.0,100.0,0.0
"Gorry, Devon Merritt Haskell",53.5,88.0,2.0
"Marshall, Robert Christopher",17.0,76.0,13.0
"Shiffman, Gary",86.0,100.0,0.0
"Dougan, William R",20.0,80.0,10.0
"Simon, Curtis J",63.5,94.5,0.0
"Wilson, Paul Wayne",36.0,81.0,9.0
"Fleck, Robert Kenneth",63.0,101.0,0.0
"Templeton, Scott R.",27.0,100.0,0.0
"Espey, Eamon Earl",84.0,100.0,0.0
"Drukker, David",75.0,100.0,0.0
"Moreland, Madeline",88.0,94.0,6.0
"York, Erin Shealy",76.71428571428571,98.42857142857142,0.0
"Durham, Sheliah Gwyn",86.0,98.0,0.0
"Eicher, Laura Cohen",97.0,99.0,2.0
"Eaton, Jennifer Bryson",94.0,97.0,3.0
"Ellis, Brooke Wymer",92.0,92.0,0.0
"Shelnut, Jill Chandler",93.0,98.5,0.0
"Hall, Anna Henson",81.0,100.0,0.0
"Fleming, David S",86.66666666666667,98.66666666666667,0.0
"Wiles, Daphne Duncan",73.5,100.0,0.0
"Dean, Stephanie Nicole",92.0,100.0,0.0
"Wenner, Julianne Amy",91.0,100.0,0.0
"Tyminski, Andrew Michael",89.0,100.33333333333333,0.0
"Spearman, Melinda J",88.0,100.0,0.0
"Zhang, Zhehan",87.0,100.0,0.0
"Bennett, Amanda E",87.0,100.0,0.0
"Boukhiar, Bouchra",75.0,97.5,0.0
"Singletary, Samantha June",82.0,100.0,0.0
"Visser, Ryan D",66.33333333333333,90.66666666666666,1.0
"Akhigbe, Jeremiah Nosakhare",90.0,100.0,0.0
"Kane, Robert Todd",88.5,93.5,3.5
"McKown, Georgia Louise",97.0,97.0,0.0
"Switzer, Deborah M",94.0,99.0,2.0
"OHara, Robert M",62.333333333333336,95.00000000000001,3.6666666666666665
"Brown, Christy Jenkins",78.5,89.5,4.5
"Che, Stacy Megan",76.5,97.0,0.0
"Andrews, Vaneishia Nicole",41.0,78.0,4.0
"Dill, Ottilia S",82.0,97.0,0.0
"Atwell, Adam Kristopher",92.0,100.0,0.0
"Seawell, Kelli Riggins",76.0,95.75,2.0
"Dillard, Stacy Leigh",73.5,99.5,0.0
"Caplette, Genevieve Marie",84.0,100.0,0.0
"Frady, Kristin Kelly",50.0,100.0,0.0
"Williams, Jameka Jackson",64.0,100.0,0.0
"Boettcher, Michelle Lea",87.0,87.0,7.0
"Williams, Jacquelyn Nicole",78.5,100.0,0.0
"Brink, Anna Thompson",83.0,100.0,0.0
"Bagley, Betty Thompson",71.0,71.0,0.0
"Chapman, Brandi Vaughn",93.0,100.0,0.0
"McGee, Kathryn Michelle",93.5,100.0,0.0
"Dunham, Heather M",93.0,100.0,0.0
"Ferguson, Nicole",76.0,97.0,0.0
"Pirolla, Tobiatha Ann",92.0,100.0,0.0
"Cobb, Emily Colleen",92.0,100.0,0.0
"Malloy, Meghan Jacquelynn",81.0,87.0,0.0
"Jerasa, Sarah Elizabeth",86.0,100.0,0.0
"Dawson, Jaime Adele Henderson",91.0,96.0,0.0
"Anderson, Shanita Nanette",78.0,89.0,0.0
"Boatwright, Megan Augustine",94.0,100.0,0.0
"Cawthon, Tony W",92.0,100.0,0.0
"Duncan, Kristen Earnise",88.0,101.0,0.0
"Chisholm, Alex E",85.0,100.0,0.0
"Moore-Hubbard, Meghan Elyse",60.0,100.0,0.0
"Griffith, Catherine Aurentz",83.0,97.0,1.0
"Hullett, Melissa Dawn",93.0,98.0,0.0
"Scott, Samantha N",86.0,100.0,0.0
"Randall, Kristina Nicole",89.0,95.5,0.0
"Ryan, Joseph Benedict",92.0,100.0,0.0
"Stecker, Pamela M",88.0,94.0,0.0
"Beahm, Lydia Anne",72.66666666666667,89.66666666666667,2.3333333333333335
"Freedman, David L",41.0,88.0,3.0
"Ladner, David Allen",72.75,94.0,2.0
"Popat, Sudeep",56.5,91.0,0.0
"Carraway, Elizabeth R.",76.5,98.0,1.0
"Schlautman, Mark A.",28.0,91.5,4.5
"Devol, Timothy A",20.0,80.0,4.0
"Martinez, Nicole Elizabeth",49.0,92.0,2.5
"Caron, Amanda Jean",93.0,100.0,0.0
"Cates, Ezra Lucas Hoyt",71.0,96.0,0.0
"Carbajales-Dale, Michael Anthony Joseph",67.66666666666667,93.33333333333334,7.0
"Falta, Ronald W",60.5,100.0,0.0
"Powell, Brian Anthony",71.0,100.0,0.0
"Parnell, Ashley Williams",33.5,98.5,0.75
"Hudgins, James Keith",80.0,100.0,0.0
"White, Sandra Marie",83.75,100.0,0.0
"Navis, Chad C",69.0,100.0,0.0
"Dinardo, William Frank",45.333333333333336,97.66666666666667,1.0
"Trudell, Lori Leigh Tribble",52.0,100.0,0.0
"Crist-Wagner, Keri Jane",58.333333333333336,90.0,3.3333333333333335
"Amponsah, Joy",84.0,94.5,2.5
"Enete, Jude",73.5,94.5,2.5
"Taylor, Christian Leslea",76.0,86.5,5.0
"Russell, Kara Michelle",73.8,94.8,2.0
"Adewumi, Samuel Ayomikun",67.0,87.0,0.0
"Akinlabi, Benjamin Oluwakayode",44.0,91.0,0.0
"Bruce, Camryn Jordan",58.0,100.5,0.0
"Clark, Brittany Rose",73.75,94.75,2.75
"Messer-Bass, Marsha Tiffany",89.0,89.0,5.0
"Chapman, Frances Ellen",84.0,97.0,0.0
"Falter, John",56.0,90.0,0.0
"Riggs, Lane",81.0,97.5,2.5
"Geren, Mary Smith",74.66666666666667,93.0,1.6666666666666667
"Easler, Justin",83.5,90.0,3.5
"Burchanoski, Matthew Thomas",82.0,95.0,1.25
"Ebrahimi, Zahra",88.0,101.0,0.0
"Banks, Victoria",85.0,100.0,0.0
"Norder, Madison Anne",89.0,94.0,5.0
"Jameson, Jared Stuart",74.0,90.0,5.0
"Wyatt, Taylor James",84.0,100.0,0.0
"Riddell, Molly Claire",82.0,100.0,0.0
"Murdock, Chelsea Jeanine",72.0,93.0,7.0
"Miholic, Grace",80.0,96.5,0.0
"Pinson, Emma blair",58.0,95.0,0.0
"Nyikwagh, Felix Terngu",80.5,100.0,0.0
"Terry, Jennifer Denise May",75.0,92.0,0.0
"Witcher, Audrianna Cherise",50.0,83.5,8.0
"Paudel, Jagadish",75.0,96.0,3.5
"Wronikowski, Ashton Kaye",46.0,100.0,0.0
"Hudson, Brea A",51.0,95.0,5.0
"Croley, MacKenzie",71.5,91.5,0.0
"Maciel, Amy Elizabeth",61.0,99.5,0.0
"Sauskojus, Kelly Morgan",69.0,94.33333333333333,0.0
"Hill, Carrie Lynn",68.0,97.0,2.5
"Nalley, Sharon Kathleen",52.75,91.5,2.0
"Citro, Daniel Scott",59.75,88.25,5.25
"Dugan, Melissa M",87.66666666666667,98.66666666666667,0.0
"Treasure, Hannah Virginia",72.0,95.5,4.5
"Edwards, Stephanie Lorraine",50.5,87.0,3.0
"Lawson, April Ayers",85.0,98.5,2.0
"Hankins, Gabriel Anderson",47.4,92.80000000000001,2.2
"Ghita, Lucian",74.0,99.25,0.0
"Tuite, Kenneth Michael",39.5,78.0,2.5
"Kettnich, Karen M",55.0,96.0,0.0
"Williams, Heather Price",85.6,95.4,0.8
"Pierce, Ingrid Anna",75.25,95.25,3.0
"Watkins, Sarah Savannah",73.5,98.75,1.0
"Godwin, Hannah Pittman",70.33333333333333,96.0,2.0
"Correale, Anthony R",57.5,89.5,6.0
"Nestor, Mary Catherine",30.666666666666668,80.66666666666666,11.333333333333334
"MacAlystre, Megan Noel",30.6,93.19999999999999,2.2
"McKelvey, Chelsea Rice",81.25,97.75,1.0
"Makala, Remley Melissa Edmundson",60.333333333333336,89.0,7.333333333333333
"Joczik, Virginia Fleming",64.25,97.0,3.25
"Field, Jonathan Beecher",85.0,96.0,0.75
"Puckett, James Andrew",76.0,96.75,0.0
"Foltz, David Charles",53.333333333333336,91.83333333333333,6.0
"Forsberg, Jennifer Hagen",74.0,96.0,1.0
"Swords, Allen N.",87.5,100.0,0.0
"Pursley, John Logan",44.666666666666664,94.0,2.6666666666666665
"Yates, Emily Caroline",61.4,94.2,3.4
"Stansell, Elizabeth Anderson",76.0,98.33333333333333,1.3333333333333333
"McKelvey, Richard Seth",42.0,89.5,1.0
"Monaghan, Amy N",67.66666666666667,97.33333333333334,0.0
"Johnson, Tareva Leselle",82.4,96.80000000000001,0.0
"Pulley, William M",55.0,93.0,3.25
"Mastroianni, Dominic B",64.0,94.5,5.5
"Thomas, George Porter",77.66666666666667,95.66666666666667,2.6666666666666665
"Cunningham, William Weldon",81.25,94.0,4.25
"Brown, Nicholas Christiansen",79.5,97.5,2.5
"Mullaney, Clare Renee",55.0,91.0,2.5
"Eatman, Megan E",62.0,95.0,5.0
"Correa Reyes, Jonathan Fernando",81.0,100.0,0.0
"Coombs, David Sweeney",62.0,95.0,0.0
"Ashton, Susanna M",65.5,94.5,5.5
"Rivlin, Elizabeth J",72.5,97.5,0.0
"Morrissey, Lee J",17.0,84.0,11.0
"Ogoti, Vincent Rwenyo",68.5,89.0,6.5
"Morris, Keith L",69.0,100.0,0.0
"Frith, Jordan Harris",71.0,86.0,0.0
"Goss, Erin Marina",67.5,92.0,0.0
"Cho, Su Rin",76.0,95.0,5.0
"Naimou, Angela M",75.0,83.0,0.0
"Kiernan, Michael Joseph",35.666666666666664,82.0,4.0
"Brandon, Steven C",55.5,96.0,0.0
"Altinkaynak, Evrim Selin",47.333333333333336,91.66666666666667,0.6666666666666666
"Martin, William D",35.0,65.5,18.0
"Khedun, Hema",53.0,92.66666666666667,3.6666666666666665
"Miller, Matthew Kent",57.0,97.0,3.0
"Walker, Kyle Jae Ho",44.333333333333336,92.00000000000001,0.6666666666666666
"Flanagan, Elizabeth Zanin",55.666666666666664,90.99999999999999,3.6666666666666665
"Spence, Chelsea Elizabeth",52.666666666666664,89.33333333333333,2.3333333333333335
"Zhou, Zuo",48.333333333333336,89.66666666666667,7.0
"Yasmin, Nighat",34.0,85.0,4.0
"Crocker, Grace Fulmer",29.666666666666668,92.33333333333333,1.6666666666666667
"Carpenter, Jeremiah W",6.0,40.0,40.0
"Waldrop, Michael T",17.333333333333332,71.0,17.333333333333332
"Minor, John C",42.333333333333336,90.00000000000001,5.0
"Menon, Karthik Ramkumar",41.0,83.0,9.0
"Neptune, Andrew Isaac",47.0,83.33333333333334,3.0
"Holbrook, Joshua D",84.0,97.5,1.5
"Johnson, Alan R.",79.5,96.5,3.5
"Brame, Scott E",68.0,94.5,1.0
"Nammouz, Minory",77.25,99.0,0.5
"Thompson, Margaret Louise",43.0,93.0,7.0
"Ferro, Michael L",60.0,87.0,13.0
"Benson, Lisa C",75.0,100.0,0.0
"Hegler, Carol M",61.0,99.0,1.0
"Cothran, Sara Lane",78.5,95.5,5.0
"Meador, Valerie Lane",58.666666666666664,98.66666666666666,0.3333333333333333
"Santerre, Charles R.",37.0,100.0,0.0
"Ross, Lorenza D",92.0,96.33333333333333,1.6666666666666667
"McMillan, Kerri D",21.5,88.25,1.25
"Fox, Corbin Allen",11.5,77.0,7.5
"Lu, Yueliang",26.0,79.66666666666667,6.0
"Kim, Kwanho",24.0,81.5,10.25
"Franklin, Ramon Tolbert",17.666666666666668,77.33333333333334,5.333333333333333
"Rieger, James R",28.2,82.2,8.2
"Chen, Lili",28.0,77.5,2.75
"Godbey, Jonathan M",26.5,90.5,4.0
"Buschbom, Stephen Lyon",32.5,90.5,3.25
"Aldana Vizcaino, Jose Ernesto",37.0,95.0,1.0
"Greene, Daniel Thomas",45.333333333333336,96.66666666666667,2.0
"Wolf, Jack G.",29.666666666666668,66.0,12.0
"Xu, Weike",28.142857142857142,89.28571428571429,3.2857142857142856
"Ham, Harrison",32.5,79.0,4.0
"Dayani, Arash",32.333333333333336,86.33333333333334,4.0
"Samdani, Taufique",20.666666666666668,90.66666666666666,1.6666666666666667
"Lockhart, George Brandon",56.75,94.25,3.25
"Morgan, Angela G.",59.5,96.5,0.0
"Intintoli, Vincent James",20.5,87.5,0.0
"Alexander, John C",13.5,76.0,8.0
"Zykaj, Blerina",35.0,92.33333333333333,4.333333333333333
"DeVault, Luke Asher",23.5,92.0,4.5
"Nam, Yoonsoo",15.5,77.0,1.0
"Worzala, Elaine M",56.333333333333336,98.66666666666667,1.0
"Blackwood, Bryan T",20.0,101.0,0.0
"Jiang, Xiuping",90.0,100.0,0.0
"Mikhailova, Elena",59.0,98.0,0.0
"Hagan, Althea Simone Hotaling",63.125,87.375,10.0
"Buchholtz, Erin Kathleen",90.0,100.0,0.0
"Anderson, James T",88.0,88.0,13.0
"Barrett, Russell K",91.0,99.5,0.0
"Hernandez-Rubio, Lauren Amanda",57.333333333333336,95.33333333333334,1.0
"Hagan, Donald L",33.333333333333336,78.66666666666667,3.0
"Markus, Trisha Marie",24.0,76.0,0.0
"Timilsina, Nilesh",40.0,100.0,0.0
"Khanal, Puskar",74.0,99.0,0.0
"Hiesl, Patrick",87.0,98.5,1.5
"Hartshorn, Jessica Ann",61.0,100.0,0.0
"Boone, Wesley Williams",89.5,92.5,3.0
"Hanks, Richard Daniel",80.0,100.0,0.0
"Powell, Robert Baxter",84.0,100.0,0.0
"Ritter, Brian A",83.5,97.5,2.5
"Post, Christopher J.",69.0,98.0,0.0
"Sawyer, Amy Lyn Griffin",80.25,94.5,4.5
"Widgren, Kenneth David",53.5,90.25,4.75
"De Tholozany, Pauline",58.0,100.0,0.0
"Peebles, Kelly Digby",77.5,97.5,0.0
"Roland, Lorecia Kaifa-Aliya",95.0,100.0,0.0
"Swails, DOndre Juwan",81.0,91.0,5.0
"Bridges, Amanda Wells",76.0,98.0,1.0
"Marchione, Carla Lynn Holzer",67.0,95.0,0.0
"Derksen, Gerry Wade",58.5,89.0,2.5
"Blue, Carl Nelson",81.0,98.0,2.0
"Stevens, William D",76.0,94.0,4.0
"Walker, Erica Black",34.0,84.0,5.0
"Williams, Charles Edward",75.0,90.0,0.0
"Congdon, Robert W",70.5,98.5,0.0
"Gomez, Gilbert Santiago",85.0,100.0,0.0
"Godfrey, Jesse Alan",85.0,95.0,5.0
"Peoples, Sylvester Ray",89.0,97.0,3.0
"Driggs, Jaclyn Kathleen",74.0,100.0,0.0
"Connaughton, Brian T",87.0,100.0,0.0
"Herr, Jacqueline Reed",95.0,98.0,3.0
"Tonkin, Charles Edward",65.0,91.0,1.0
"Fox, Michelle Suki Bost",33.0,100.0,0.0
"Woolbright, Nona L",78.0,100.0,0.0
"Weisenmiller, Eric M.",46.0,98.0,0.0
"Weiss, Charles Tabor",53.0,94.0,0.0
"Pindar, Lori Marlise",94.0,97.0,0.0
"Seymour, John Charles",88.0,94.0,0.0
"Harris, Michael Timothy",69.5,97.5,0.0
"Lyda, Todd A",91.5,99.0,1.0
"Mukhtar, Muhammad Shahid",82.0,98.0,0.0
"Lewis, James J",43.0,97.0,2.0
"Kanapeckas Metris, Kimberly Lynn",84.0,97.0,3.5
"Sekhon, Rajandeep Singh",38.0,81.0,19.0
"Terry, William Church",42.5,89.0,1.0
"Hsu, Li-Chih",30.666666666666668,92.33333333333333,5.333333333333333
"Coulson, Alan B",61.111111111111114,91.00000000000001,2.7222222222222223
"Fidler, Mary Katherine",67.33333333333333,97.66666666666667,0.0
"Junkin, William DeForest",57.0,90.0,5.0
"Scribner, Emily Don",58.5,96.5,1.0
"Shuller-Nickles, Lindsay Carmell",62.0,100.0,0.0
"Bregy, Joshua Caleb",38.0,88.0,0.0
"Flinchum, Brady Adams",62.5,87.0,5.0
"Pullen, Alexander Thomas",73.0,100.0,0.0
"Murdoch, Lawrence C",38.5,85.0,10.0
"Masterson, Susanne K",57.5,92.5,3.25
"Ferrell, J Lee",70.0,100.0,0.0
"Schmidt, Johannes",20.0,96.0,0.0
"Stoicea, Gabriela",56.333333333333336,90.66666666666667,7.333333333333333
"Douglas, Gaye",69.0,87.0,5.0
"Ullmer, Brygg Anders",84.0,100.0,0.0
"Catalano, Joshua Casmir",78.66666666666667,92.66666666666667,0.6666666666666666
"Avelar, Lucas De Souza",83.0,101.0,0.0
"Baker, Andrew H",55.25,98.0,0.0
"Hepworth, Jonathan David",59.0,95.5,4.0
"Knipp, Hallie",95.0,100.0,0.0
"Jeffries, James Bradford",33.5,98.5,0.5
"Bartley, Abel A",71.0,94.5,2.5
"Burd, Camden Ross",70.5,99.0,0.5
"Langenfeld, Kathryn A",54.5,92.0,2.0
"Wood Seefeldt, Tara Sue",79.0,91.0,1.0
"Venkatesh, Archana",86.0,98.0,0.0
"Moise, Edwin E",24.0,82.0,12.5
"Hoge, Emily Elisabeth",77.5,99.5,0.5
"Stoil, Rebecca Anna",65.5,89.5,0.0
"Dunn, Caroline Dunn",37.5,87.0,4.5
"Wilson, Lee Brady",91.0,100.0,0.0
"Steelman, Austin Lee",65.0,96.5,3.5
"Thames, John T",37.5,83.0,4.0
"Silvestri, Michael S",64.0,93.5,0.0
"Hassell, Stephanie N",61.5,95.0,0.0
"Burns, James McDonald",73.0,93.0,0.0
"Andrew, John R",70.5,99.5,0.0
"Meng, Michael L",80.0,93.0,0.0
"Barczewski, Stephanie L",75.0,100.0,0.0
"Welsh, Ralph Stewart",80.0,100.0,0.0
"Driver, Ally Grayson",71.5,97.0,1.5
"Gorham, Lindsey Brown",95.5,99.0,1.0
"Morgan, Amanda Raines",77.25,99.0,0.0
"Hague, Sarah",86.33333333333333,100.0,0.0
"Tugman, Becky Ann",71.5,100.5,0.0
"Owen, Shannon Slate",85.0,99.66666666666666,0.0
"Malone, KathrynMay M",90.5,97.5,3.0
"Clinkscales, Amelia Beasley",91.0,100.0,0.0
"Mayo, Rachel M",33.0,100.0,0.0
"Truong, Khoa Dang",74.0,92.5,8.0
"Falta, Deborah Alma",60.0,100.5,0.0
"Fan, Qiping",92.0,100.0,0.0
"Davis, Pamela Harley Thornton",94.0,100.0,0.0
"Stover, Amanda Nicole",93.0,97.0,0.0
"Novakovic, Christianna Danielle",85.0,98.5,0.0
"Hunter, Erin Christina",60.0,100.0,0.0
"Witrick, Brian Alex",58.0,99.0,0.0
"Zhang, Lu",50.0,100.0,0.0
"Floyd, Sarah Bauer",60.0,85.0,10.0
"Lartey, Stella Twumwaa",60.0,90.0,0.0
"Pernotto, Eric T",95.0,100.0,0.0
"Fine, Amanda Cooper",74.0,96.2,3.4
"Volkova, Olga Anatolyevna",46.333333333333336,88.66666666666667,2.0
"Gilmore, Elizabeth Ann Kaszynski",95.0,100.0,0.0
"Lasser, William",69.66666666666667,90.66666666666667,2.6666666666666665
"Vincent, Ellen Anita",90.5,98.0,2.5
"Liu, Haibo",80.5,94.25,5.75
"Polomski, Robert F",10.0,46.0,12.0
"Faust, James Emerson",39.0,83.0,17.0
"Ordia, Frank Eromose",67.0,100.0,0.0
"Bartlett, Laurel L",87.0,100.0,0.0
"Spade, Amelia Morgan Millar",87.0,100.0,0.0
"Woodard, Tina C",85.0,93.0,0.0
"Lombardozzi, Catherine Marie",80.0,95.0,0.0
"Aviles, Jessica",52.0,97.0,1.0
"Messer, Jeffery B",66.0,100.5,0.0
"Kharoufeh, Jeffrey Paul",43.0,92.0,0.0
"Rahimian, Hamed",57.0,95.0,0.0
"Lopes da Silva, Daniel Bruno",29.0,79.0,3.0
"Khademi, Amin",24.0,75.0,1.5
"Soltani, Morteza",81.0,95.0,0.0
"Magagnotti, Mariah Soibhan",58.333333333333336,95.0,1.0
"Ferrell, William G",42.666666666666664,93.0,1.0
"Tucker, Emily",73.5,99.5,0.0
"Humane, Prachita",91.0,99.5,0.0
"Isik, Tugce",79.0,100.0,0.0
"Hegde, Sudeep",82.0,99.5,0.0
"Neyens, David M",34.0,100.0,0.0
"Srinivasan, Divya",25.0,91.0,8.0
"Chavez-Negrete, Raul Alberto",82.0,91.0,0.0
"Chalil Madathil, Kapil",50.0,100.0,0.0
"Yang, Ruoyu",86.0,86.0,14.0
"Schmidt, Julia",69.0,98.33333333333333,1.6666666666666667
"Saito, Kumiko",47.666666666666664,87.33333333333333,4.666666666666667
"Saito, Satomi",34.0,84.00000000000001,12.666666666666666
"Ozawa, Miyabi",43.5,95.0,4.5
"Britz, Margaret",60.25,85.75,5.25
"Brooks, Nathanael Gordon",60.0,95.66666666666667,2.0
"Hester, Rhys A",45.5,95.5,0.0
"Marks, John Mulford",90.4,96.8,0.0
"Suiter, Emily Arneta",40.0,93.5,0.0
"Harris, Jenae Marie",88.33333333333333,99.66666666666666,0.0
"Williams, Holly Verity",84.0,100.0,0.0
"Kettrey, Heather H",83.0,93.33333333333333,6.666666666666667
"Powelson, Connor Reed",45.0,97.0,0.0
"Casey, William",63.0,96.0,2.0
"McLean, Kyle David",50.0,98.0,0.0
"Smith, Daniel J",53.0,82.0,6.0
"Slyce, Hannah V",75.66666666666667,96.33333333333334,3.3333333333333335
"Browning, Lara Margaret Mutel",72.25,91.0,6.0
"Nassar, Hala Fouad",50.0,100.0,0.0
"Alrayyan, Kawthar Mazin",55.0,100.0,0.0
"Russell, Paul C",46.0,99.99999999999999,0.0
"Padua, Mary G",58.0,100.5,0.0
"Nicolette, Matthew Lawrence",46.666666666666664,99.99999999999999,0.0
"Pearson, David D",60.0,93.0,7.0
"Chang, Hyejung",80.0,90.0,10.0
"Toussaint, Kenneth Scott",17.333333333333332,91.33333333333333,2.3333333333333335
"Edwards, Christopher Michael",57.333333333333336,100.0,0.0
"Bonney, Paul Robert",49.5,100.0,0.0
"Jahn, Judson R",47.0,98.33333333333333,0.3333333333333333
"Workman, Phillips Stone",44.75,93.75,2.5
"Entzminger, Phillip Charles",48.5,91.75,3.75
"Kisska-Schulze, Kathryn",64.5,100.0,0.0
"Edwards, Frances L",64.33333333333333,98.33333333333333,1.3333333333333333
"Gahan, Renee Warren",90.57142857142857,100.14285714285715,0.0
"Moreno, Diane F",88.66666666666667,95.66666666666667,2.6666666666666665
"Stamey, Matthew Henderson",92.0,92.0,8.0
"Hsieh, Hsuan",88.0,100.0,0.0
"Young, Chadwick Joseph",92.0,92.0,8.0
"Cox, Hubert L",82.0,100.0,0.0
"Cirocco, Dominic E",82.0,100.0,0.0
"Wrenn, Cara Jill",79.0,95.5,4.0
"Bradley, Robert W",90.0,90.0,10.0
"Wright, Caitlin Ann Shevlin",84.33333333333333,100.33333333333333,0.0
"Ponder, Lauren Marie",66.5,93.5,6.5
"Marcus, Stacey Rose",89.0,89.0,5.0
"Mangum, Chad Robert",33.333333333333336,85.66666666666667,5.333333333333333
"Dewage, Vishwa Nirmika",37.0,91.5,5.5
"Mohseni, Nazanin",70.0,97.0,0.0
"Bowen, Rebecca Mae",33.0,83.0,10.0
"Catoe, Tyler James",34.0,75.0,9.0
"Price, Adam Nathaniel",23.0,89.0,7.0
"Hoang, Quang Xuan",38.0,86.0,2.0
"Boik, Philip A",24.0,78.0,7.0
"Hernandez, Michael John",20.0,67.0,2.0
"Perera, Imalie U",22.0,74.0,15.0
"Simms, Donna M",54.0,91.5,0.0
"Farrell, Garrett",20.0,72.0,9.0
"Ivey, Gabrianne L",52.0,85.0,9.0
"Novick, Beth A",24.5,74.0,8.5
"Fisher, Victoria Luongo",33.0,77.0,12.0
"Yates, Kyle J",54.5,82.0,1.0
"Harr, Katherine",36.0,85.0,13.0
"Charbonneau, Katherine",37.0,79.0,7.0
"Hunt, Joshua Andrew",34.0,84.0,7.0
"McKay, Zachary Scott",39.0,82.0,7.0
"Ramirez Ramirez, Oscar Andres",31.0,69.0,13.0
"Maleki, Rayna Elizabeth",38.0,78.0,9.0
"Bhat, Muzamil Nazir",33.0,73.0,8.0
"Van Dyken, Jennifer E",56.0,98.0,2.0
"Costanzo, David Gabriel",33.0,92.0,4.0
"Pittman, David James",31.0,89.0,11.0
"Watkins, Seth Quentin",36.666666666666664,82.66666666666666,2.3333333333333335
"Alekseeva, Sofya",23.0,82.5,3.0
"Kettinger, Jared William R",46.0,84.0,8.0
"Peele, Stephen D",61.0,92.0,0.0
"VanLandingham, Julia Carolyn",60.0,97.0,3.0
"Yang, Boshi",61.0,94.0,3.0
"Mabe, Madison N",24.0,78.0,12.0
"Rahman, Mohammad Mahabubur",55.0,92.0,2.5
"Rakotondrafara, Antsa Tantely F",52.0,100.0,0.0
"Camper, Trevor R",35.0,96.0,0.0
"Hawkins, Elizabeth Viola",43.0,96.0,5.0
"Ross, Erick J",38.0,90.0,3.0
"Lee, Hwan Hee",20.666666666666668,72.0,5.666666666666667
"Guest, Allen Anderson",23.333333333333332,69.33333333333333,8.0
"Scruggs, Scott Randall",35.0,77.33333333333333,6.666666666666667
"Mays, Caryn Elizabeth",18.333333333333332,74.33333333333333,9.333333333333334
"Burr, Meredith Nicole",48.5,87.5,8.5
"Smith, Rodrigo Latimore",17.0,61.0,17.0
"Sullivan, Tyler James",73.25,99.5,0.0
"Chao, Shih-Wei",24.5,71.0,11.5
"Teitloff, Timothy Charles",38.5,85.0,2.0
"Viktorova, Irina V.",51.666666666666664,82.33333333333333,7.333333333333333
"Scott, Bradley K.",45.333333333333336,91.33333333333334,2.0
"Lassiter, Julie B",43.0,90.0,6.0
"Pierrottet, Antonio M",26.0,80.0,15.0
"Newton, Jennifer Ray",61.5,91.0,4.0
"Bass, Cailyn N",56.0,85.0,2.0
"Tucker, Christian Michael",34.0,65.0,11.0
"Ni, Tianyu",58.0,91.0,8.0
"Hamlin, Benjamin James",26.0,83.0,13.0
"Maibach, Sydney Marcia",34.666666666666664,74.0,7.0
"FISHER, HARRISON HARPER",49.0,83.0,5.0
"Cowen, Michael Thomas",46.0,89.0,1.6666666666666667
"Li, Xuejian",52.0,88.0,4.0
"Rebholz, Leo G",77.5,97.5,2.5
"Yoon, Jeong - Rock",22.0,60.5,12.5
"Carreras Jusino, Angel M",56.75,91.25,1.75
"Becker, Rachael Nicole",80.66666666666667,93.0,3.0
"Smith, Dane H",64.0,92.0,4.0
"Zhang, Fan",39.0,96.5,1.5
"Cantrell, Amy Melissa",42.75,98.5,1.0
"Gao, Feng",40.0,96.0,0.0
"Yaseen, Muhammad",44.5,100.0,0.0
"Wan, Sha",9.0,91.0,3.0
"Burr, Michael Adam",25.0,81.0,8.0
"Lee, Kisun",43.0,92.5,1.5
"Gao, Xuhong",32.5,78.0,9.5
"Xue, Hui",50.0,92.0,0.0
"Gregorio Lucas DOliveira, Rafael",58.666666666666664,83.0,4.333333333333333
"Byun, Seok Hyun",49.0,78.5,3.5
"Martin, Daniel Everett",73.0,100.0,0.0
"Cartor, Ryann Rose",72.0,94.0,0.0
"Calkin, Neil J",70.0,79.0,13.0
"Chen, Qingshan",22.0,95.0,5.0
"Verma, Deepanshu",80.0,97.0,3.0
"Lee, Hyesuk K",16.5,81.0,4.0
"Xue, Fei",52.0,82.5,0.0
"Jenkins, Eleanor W",12.0,84.0,3.0
"Heister, Timo Johannes",45.0,99.0,0.0
"Conroy, Michael Evan",76.0,96.0,3.0
"Li, Xinyi",16.5,94.0,3.0
"Brown, Derek A",67.0,95.5,4.5
"Cawood, Mark E.",65.33333333333333,93.33333333333333,2.0
"Ervin, Vincent J",41.0,78.0,0.0
"Stockdale, Cody Bullett",44.0,82.0,0.0
"Guo, Cheng",48.333333333333336,89.0,5.666666666666667
"Cook, Keisha Jasmine",57.0,86.0,0.0
"Schmoll, Martin Johannes",2.0,66.0,2.0
"Sun, Xiaoqian",63.5,90.0,5.0
"Porter, Erica May",45.0,99.0,0.0
"Ranganathan, Shyam",60.0,100.0,0.0
"Guven Geredeli, Pelin",61.0,100.0,0.0
"Lin, Quyuan",47.0,88.0,6.0
"Poznanovikj, Svetlana",80.0,90.0,0.0
"Coykendall, James Barker",80.0,100.0,0.0
"Farmer, Jennie Lynn",71.0,97.0,2.0
"Akturk, Mustafa Serkan",52.5,100.0,0.0
"Snider, Jeromy Blake",57.25,88.0,2.75
"Fredendall, Lawrence D",42.0,93.33333333333333,3.0
"Morris, Richard Anthony",86.0,100.0,0.0
"Wallace, Julian Craig",81.0,98.66666666666667,0.0
"Box, Travis Stephenson",35.0,84.5,3.5
"Pickett, Gregory M",71.0,100.0,0.0
"Benedict, Robert Creighton",48.0,97.5,2.0
"Cothran, Grant Russell",79.0,100.0,0.0
"Gibson, Joseph Renato",77.0,99.5,0.0
"Klein, Matthew Charles",64.0,96.0,5.0
"Peyton, David Ford",71.16666666666667,97.16666666666667,0.5
"Bakre, Ankita Abhijit",83.0,100.0,0.0
"Nath, Pravin",79.5,97.5,0.0
"Kettinger, William J",80.0,99.0,1.0
"Schwall, Benjamin Joseph",42.0,101.0,0.0
"Kegley, Kathleen Ann",64.0,101.0,0.0
"Fitzwater, Robert Andrew",93.0,98.0,2.0
"Kennedy, Alejandra Sabio",95.0,97.0,2.0
"Schweisinger, Todd Alan",91.0,98.0,1.0
"Saylor, John R",18.0,60.0,16.0
"Xu, Yuhao",17.0,72.0,2.0
"Vijayan, Vinayak",47.25,99.0,1.0
"Myers, Oliver J",44.0,93.00000000000001,6.0
"Pataky, Garrett J",32.0,90.0,3.0
"Wilson, Daniel Mason",53.25,97.58333333333333,0.8333333333333334
"Scott, Richard Lynn",27.333333333333332,82.33333333333333,3.0
"Northington, Jay Stanford",43.0,97.5,1.0
"Mocko, Gregory",50.0,98.99999999999999,0.0
"Byrd, Douglas Scott",55.2,99.1,0.05
"Wagner, John R",83.5,87.0,12.5
"Dutta, Sandip",36.666666666666664,95.99999999999999,1.3333333333333333
"Zhao, Xin",16.0,94.5,1.0
"Bostwick, Joshua B",25.0,82.0,6.0
"Vahidi, Ardalan",44.0,85.5,0.0
"Mabey, Christopher Scott",64.0,98.0,1.0
"Shah, Chandresh R",37.0,85.0,4.0
"Giguere, Philippe",47.5,98.0,0.0
"Li, Zhen",33.666666666666664,89.66666666666667,1.0
"Choi, Hong Seok",50.0,100.0,0.0
"Lou, Lihua",43.0,100.0,0.0
"Ramnath, Satchit",96.0,100.0,0.0
"Guggisberg, Timothy John",77.33333333333333,99.66666666666667,0.0
"Mohammadpour Velni, Javad",76.0,99.0,1.0
"Vaidya, Umesh G",34.0,98.0,0.0
"Tong, Chenning",22.0,83.0,6.0
"Kung, Ethan",38.0,90.0,10.0
"Xuan, Xiangchun",77.0,100.0,0.0
"Li, Gang",68.0,86.0,15.0
"Lv, Ge",43.0,100.0,0.0
"Tallapragada, Phanindra",33.0,100.0,0.0
"Turner, Cameron",54.0,93.0,5.0
"Laxton, Sheena Elizabeth Pope",76.0,99.0,0.0
"Walker, Demorris",73.0,100.0,0.0
"Simsek, Monica Maciel Lopes",68.75,97.75,1.5
"Pius Nedumkallel, Jose",46.0,99.0,1.5
"Roskam, Dirk Marinus",73.5,99.0,0.0
"Peschiera, Gabriela Maria",65.0,98.0,0.5
"Minetola, Michele Leigh",75.0,99.0,0.0
"Toole, Ryan A",46.0,99.0,0.0
"Stewart, Wayne H",24.0,82.5,13.5
"Sagarnaga, Jose Alfredo",27.0,91.5,0.0
"Spooner, Leonard Joseph",80.0,98.75,1.5
"Ferrise, Emily Isabel",84.0,100.0,0.0
"Scott, Kristin L Damato",61.0,100.0,0.0
"Wiles, Benjamin Christopher",40.0,92.0,1.5
"DeToma, Daniel Allan",14.5,81.5,11.25
"Bhatt, Shivan Pankaj",64.0,101.0,0.0
"Yoder, Sara Elizabeth",39.5,74.5,9.0
"Landis, Ronald Stephen",73.0,97.0,2.0
"McKenzie, Kevin M",64.0,101.0,0.0
"Abbaraju, Pranith",64.0,97.5,0.0
"Li, He",30.5,97.0,1.0
"Kwag, Giyoon",62.0,100.0,0.0
"Mo, Jiahui",86.0,100.0,0.0
"Grant, Benjamin Noah",62.5,98.75,0.5
"Leffakis, Zachary Moran",19.333333333333332,88.33333333333334,3.3333333333333335
"Suh, Hyunji",49.5,96.5,0.0
"Roth, Philip L",51.5,99.0,0.0
"Sheridan, Sharon Britton",57.0,99.5,0.0
"Purvis, Russell L.",65.66666666666667,99.33333333333334,1.0
"Chaturvedi, Aadhaar",40.5,98.0,1.0
"Liddle, James W",21.666666666666668,99.66666666666666,0.0
"Hersel, Matt Calvin",63.333333333333336,99.66666666666667,0.0
"Sevilla Rovirosa, Ondina",85.0,100.0,0.0
"Kiley, Jason Thomas",53.0,100.0,0.0
"Abercrombie, John G",67.5,99.5,0.5
"Rudolph, Krista Barrier",70.05555555555556,97.16666666666666,1.2222222222222223
"Jones, Richard Martin",43.0,87.0,2.0
"Whitehead, Kristi James",64.25,91.5,0.0
"Rosowski, Emily Elizabeth",53.0,93.5,5.0
"Cao, Min",16.0,88.0,0.0
"Dhingra, Sourabh",52.0,100.0,0.0
"Campbell, Barbara J",80.0,100.0,0.0
"Papenfus, Lisa Williford",39.0,95.6,1.0
"Sturkey, David Charles",28.666666666666668,94.33333333333334,0.3333333333333333
"Raymond, Mary Anne",39.0,94.0,1.0
"Banerji, Ishani",58.5,96.5,0.5
"Gaubert, James G",72.0,99.66666666666667,0.3333333333333333
"Poehlman, Thomas A",92.5,98.5,0.0
"Scheinbaum, Angeline Close",71.0,99.33333333333333,0.0
"Flynn, Kevin Andrew",91.75,99.75,0.0
"Cauley, Michele Melton",59.5,97.5,1.0
"McElveen, Carter Willis",82.33333333333333,100.0,0.0
"Beeler, Lisa L",63.0,97.0,0.0
"Pappas, Alec",84.0,100.0,0.0
"Vermillion, Mary Gail",66.5,97.75,2.25
"Wang, Xianyong",76.5,98.75,1.25
"Gupta, Sayan",80.66666666666667,88.33333333333334,11.666666666666666
"Lopez, Jonathan D",92.0,100.0,0.0
"Mullins, Ryan R",55.5,100.0,0.0
"Smallhorn, Thomas A.",28.0,94.33333333333334,1.0
"Moore, Jesse N",91.0,100.0,0.0
"Stone, Adam C",84.66666666666667,99.33333333333334,0.0
"Carter, Larry Lee",35.666666666666664,100.0,0.0
"Giebelhausen, Michael David",67.5,100.0,0.0
"Swain, Scott Darren",54.0,100.0,0.0
"Tower, Annette Popp",60.0,100.0,0.0
"Martinez Saez, Enrique",78.0,99.0,1.0
"Weirich, Kimberly L",20.0,84.0,5.0
"Aidhy, Dilpuneet",82.0,100.0,0.0
"Ballato, John M",68.0,101.0,0.0
"Sun, Cheng",27.0,85.0,7.0
"Peng, Fei",65.0,90.0,0.0
"Kornev, Konstantin German",54.0,87.0,12.5
"Luzinov, Igor A.",59.333333333333336,95.00000000000001,0.0
"Foulger, Stephen H.",17.0,96.0,4.0
"Kennedy, Marian S",43.5,100.5,0.0
"Johnson, Mark Alan",64.0,100.0,0.0
"Blandon Kovar, Emily Caroline",63.6,95.6,5.2
"Newbrough, Steven T",86.75,92.25,7.75
"Knight, Adam Michael",38.5,55.5,44.5
"Crosby, Lauren Hartburg",47.0,95.0,0.0
"Doyel, Jonathan Edward",89.0,100.0,0.0
"Warlick, Leslie Taylor",82.0,82.0,16.5
"Odom, Lisa Sain",62.666666666666664,88.0,0.0
"Jacobus, Rhea Beth",63.666666666666664,94.99999999999999,3.3333333333333335
"Conley, David A.",92.0,100.0,0.0
"Kibler, Lea F",50.0,97.0,3.0
"Hamlyn, Emily Ann",86.0,97.0,3.0
"Li-Bleuel, Linda L",95.0,100.0,0.0
"Souther, Kimberly Wingold",91.0,94.5,3.5
"Lapin, Eric J",82.66666666666667,98.0,1.0
"Buyer, Paul L",66.0,101.0,0.0
"Villaver, Melvin Earl",96.0,100.0,0.0
"Spede, Mark J",98.0,99.0,1.0
"Bernarducci, Anthony",89.5,95.5,2.0
"Browder, Luke Lee",67.5,95.5,0.0
"Wilder, Allison",68.5,98.0,0.0
"Brookover, Corey Douglas",84.66666666666667,93.66666666666667,4.0
"Ruiz Sportman, Anne Stefanie",60.0,92.0,2.0
"Garst, Stephanie Perler",75.66666666666667,96.0,1.3333333333333333
"Glaze, Coleman Lane",78.5,96.25,1.0
"Tucker, Teresa Walton",57.0,93.0,0.0
"McGuire, Francis A",66.0,94.0,0.0
"Rossini, Joan Laura",80.0,100.0,0.0
"Boulware, Callee Kaiser",74.0,91.5,2.0
"Dubin, Alexsandra Jo",68.33333333333333,98.66666666666666,0.0
"Plake, Randi Alexandra",83.0,97.5,1.0
"Burgess, Lena Marie",23.0,100.0,0.0
"Murton, Catherine Sikkema",34.5,95.0,0.0
"Garrison, Amy Boggs",57.0,95.5,1.0
"Hendrix, Lani Nykel",72.0,100.0,0.0
"Busby, Kevin Earle",83.0,100.0,0.0
"Massa, Kristen Lee",88.0,91.0,0.0
"Mayfield, Megan Elizabeth",72.0,101.0,0.0
"Thrift, Jason R",58.0,95.0,0.0
"Bagwell, Jennifer Elizabeth",74.5,97.0,3.0
"ODell, Andrea Murphy",58.0,99.0,1.0
"Fogle, Sarah Ann",95.0,98.5,1.0
"Parker, Veronica G",77.0,100.0,0.0
"McFarlane, Adam Richard",79.0,96.0,0.0
"Lowe, Tracy Brock",91.0,100.0,0.0
"Seawright, Jenna Lynn",51.0,96.5,1.0
"Wetsel, Margaret A",75.0,75.0,25.0
"Garrard, Lindsey Rebecca",62.0,100.0,0.0
"ONeal, Taylor Jean",80.0,100.0,0.0
"Black, Frances Green",83.0,100.5,0.0
"Timmons, Shirley Mae",50.0,100.0,0.0
"Busby, Terry Kaye",56.0,100.0,0.0
"Shepherd, Erin Nicole",75.0,100.0,0.0
"Branyon, Charlotte Anne Grover",90.0,100.0,0.0
"Allison, Kendra Farmer",80.0,90.0,10.0
"Pickett, Kim Ann",81.0,92.0,4.0
"Temples, Heide S.",57.0,86.0,0.0
"Nicholson, Jennifer Gangemi",71.0,100.0,0.0
"Stamatikos, Alexis Dimitrios",97.0,99.0,1.0
"Fraser, Angela M",88.0,99.0,0.0
"Jesch, Elliot D",63.0,97.5,0.0
"Haley-Zitlin, Vivian J",71.0,92.0,7.0
"Moore, Kenneth W",54.0,92.5,4.0
"Leckenbusch, Matthew J",64.0,92.0,0.0
"Yazykova Mellott, Ekaterina Mihailovna",80.0,80.0,10.0
"Kransteuber, Katherine Raye Tumbleston",82.0,91.0,0.0
"Staley, Kevin Todd",67.0,93.0,7.0
"Mellott, Mark Daniel",81.0,93.0,0.0
"Schmidt, Scott A",83.0,83.0,0.0
"Olson, Laura R",57.333333333333336,94.00000000000001,0.0
"Matheson, Laurianne Proctor",92.0,98.0,0.0
"Martin, Greg B",40.6,98.4,0.0
"Jones, Mark Valenzuela",83.33333333333333,100.33333333333333,0.0
"Poole, Emily Shelton",92.0,96.0,2.0
"Clay, Jessie",88.0,92.0,2.0
"Misrahi, Erikka Lee",83.66666666666667,100.33333333333334,0.0
"Herron, Joshua Paul",71.0,99.0,0.0
"Beck, Katalin",58.0,97.0,1.0
"Rader, Nicholas B",89.5,97.5,0.0
"Okai, Andrew Nii Okai",64.0,96.0,4.0
"Durham, Jaquail Devonte Levon",92.0,100.0,0.0
"Randall, Philip D",85.5,99.0,0.0
"Agudelo, Paula",75.0,98.0,3.0
"Park, Dara Michelle",31.0,89.0,0.0
"Appukuttan Suseela, Vidya",24.0,77.0,0.0
"Narayanan Kutty, Sruthi",69.0,100.0,0.0
"Wetzel, Heather Dee",71.0,94.0,0.0
"Tharayil-Santhakumar, Nishanth",77.0,100.0,0.0
"Cieniewicz, Elizabeth Jeannette",70.0,100.0,0.0
"Stegall, David L",54.0,92.19999999999999,7.6
"Gies, Adam M",62.5,93.25,0.75
"Shatalov, Keren Wilson",61.666666666666664,96.0,1.0
"Kuzian, Edyta Joanna",60.666666666666664,97.66666666666666,1.0
"Kurth, Charles Burke",37.5,95.0,3.5
"Thomas-Smith, Lisa Nichole",83.75,95.75,1.5
"Starkey, Charles",73.5,95.5,0.0
"Wueste, Daniel E",66.0,99.0,0.0
"Gibson, Quinn Hiroshi",28.0,92.5,4.0
"Bodde, Emerson Robert",82.0,94.75,2.75
"Kaye, Cary Berkeley",88.0,92.5,7.5
"Pope, Amy Liann",69.16666666666667,88.0,8.666666666666666
"The, Lih-sin",29.5,84.0,3.5
"Sosolik, Chad E",61.0,100.0,0.0
"Thompson, Daniel Ross",76.88372093023256,96.46511627906976,1.9767441860465116
"Puneet, Pooja",29.666666666666668,92.0,3.0
"Brown, Jason Stratford",37.0,96.00000000000001,0.6666666666666666
"Marler, Joan P",57.0,100.0,0.0
"Oberheide, Jens",72.0,97.0,0.0
"Lu, Xian",55.0,95.0,5.0
"Fung, Jeffrey Chak Chee",45.5,88.0,11.5
"Kaeppler, Stephen Roland",42.0,95.0,5.0
"Zrake, Jonathan J",36.0,88.0,4.0
"Leising, Mark D",47.5,90.0,10.0
"Ding, Feng",73.0,100.0,0.0
"Hartmann, Dieter H",47.0,100.0,0.0
"Tewari, Sumanta",68.0,100.0,0.0
"Guerra Marcondes, Patricia Dione",43.5,91.0,0.0
"Batt, Heather P",9.0,69.0,10.5
"Appleby, Haley Ellis",80.0,98.5,0.0
"Hurley, Rupert A",63.0,100.0,0.0
"Darby, Duncan O",39.0,97.0,0.0
"Batt, Gregory S",49.333333333333336,96.66666666666667,0.6666666666666666
"Campbell, Alicia Cutler",62.0,97.0,1.5
"Cooksey, Delva Kay",88.0,100.0,0.0
"Jeffers, Steven Nye",21.0,71.0,3.0
"Phillips, Stephen Christopher VG",39.25,90.5,4.5
"Honeker, Jose Alejandro",54.75,92.25,5.5
"Carey, Robert T",47.5,96.5,2.0
"Peake, Jeffrey Scott",47.666666666666664,89.66666666666666,7.0
"Wallner, James Ian Terry",53.5,96.0,2.5
"Wales, Michael David",20.666666666666668,92.0,0.3333333333333333
"Billinis, Alexander John",94.0,100.0,0.0
"Trask, Tara Elizabeth",55.0,87.25,9.0
"Hunter, Sarah Gail",40.75,86.75,5.0
"Petersheim, Meredith-Joy",63.5,96.5,2.0
"Wells, Matthew",44.5,89.0,2.0
"Krauss, Spencer James",59.5,98.5,1.5
"Gross, Andrew",40.5,96.5,1.5
"Ferkaluk, David",40.0,90.0,2.0
"Tate, Andrew G",93.0,100.0,0.0
"Ransom, Bruce W",61.0,90.0,6.25
"Hu, Xiaobo",83.0,83.0,17.0
"Kalesnikaite, Vaiva",61.0,96.0,0.0
"Pascarella, John Antonio",64.5,89.5,10.0
"Jadoon, Amira Saleem",58.0,96.0,0.0
"Taydas Onur, Zeynep",43.0,96.0,0.0
"Curtis, Katherine Amber",32.0,84.0,9.5
"Warber, Adam L",23.5,63.5,15.0
"Daniels, Eric D",90.0,100.0,0.0
"Rhodes-Purdy, Matthew Henry",46.0,81.5,11.5
"Turner, Brandon P",47.0,100.0,0.0
"Postell, Samuel Sheridan",73.5,100.5,0.0
"Selela, Gugu Charity",88.33333333333333,100.33333333333333,0.0
"White, David Lawrence",63.0,91.0,3.0
"Brownlee, Matthew Tyler James",80.0,94.0,0.0
"Sharaievska, Iryna",29.5,93.0,1.0
"Baldwin, Elizabeth Dennis",67.0,92.5,3.5
"Townsend, Jeffrey D",62.333333333333336,93.66666666666667,0.6666666666666666
"Metzger, Emily Grace",70.0,98.0,0.0
"Park, Sunwoo",60.0,98.0,3.0
"Chancellor, Herbert Charles",36.0,85.0,3.0
"Williams, Christopher Robert",68.66666666666667,99.0,0.0
"Stephens, Lauren Elizabeth",53.0,98.0,1.0
"Lewis, Stephen Thomas",76.66666666666667,93.0,1.3333333333333333
"Anderson, Daniel Morgan",49.0,92.0,0.0
"Hallo, Jeffrey Charles",41.0,93.0,0.0
"Bardhan, Mondira",77.0,97.0,3.0
"Hickman-Glanton, Zikeya Kierra",83.0,100.0,0.0
"Adams, Emilie Viktoria",83.0,100.0,0.0
"Outley, Corlis De Andra",78.0,101.0,0.0
"Ramshaw, Gregory Philip",79.5,100.5,0.0
"Kim, Eun Hye",60.0,95.0,0.0
"Arthur-Banning, Skye Gerald",68.0,98.0,0.0
"Brookover, Robert S",85.0,98.0,2.0
"Barcelona, Robert James",79.0,100.0,0.0
"Sabin, Eric",50.0,100.0,0.0
"Chandler, Summer Denae",75.0,98.0,3.0
"Gaines, Samuel P",75.0,92.0,0.0
"Li, Fu",55.0,99.0,0.0
"Maynard, Allison Christine",18.0,95.0,0.0
"Lucas, Richard A",28.0,100.0,0.0
"Bertazzo Tobar, Felipe",93.0,101.0,0.0
"Lee, Wonju",66.0,98.0,3.0
"Hardie, Ashlyn Nicole",56.0,85.0,4.0
"Crowe, Brandi M",78.0,89.0,11.0
"Pury, Cynthia Lynn",74.66666666666667,92.66666666666667,5.333333333333333
"Mitchell, Keisha Ann",81.66666666666667,98.0,0.0
"Pak, Chong Hyon",70.0,98.0,0.0
"Jorgensen, Jo",46.0,91.0,4.0
"Taylor, Mary A",46.0,89.0,6.0
"Pagano, Christopher C",55.0,93.0,4.5
"Mccree, Morgan Dominique",46.0,84.0,12.0
"Tyrrell, Richard A",32.0,85.0,5.0
"Agrawal, Shubham",42.0,100.0,0.0
"Sanborn, Sarah Mae",62.4,95.8,0.0
"Van Fossen, Jenna Anne",41.666666666666664,94.66666666666666,3.0
"Cantalupo, Claudio",62.25,88.25,3.5
"Duffrin, Tyler Joseph",60.0,100.0,0.0
"Pilcher, June J.",32.0,68.0,23.0
"Sarno, Dawn Marie",63.0,99.0,0.0
"Liu, Yizhou",87.0,94.0,3.0
"Souders, Dustin Joshua",63.5,77.5,18.5
"Grandits, Jennifer Bailey",43.0,93.0,0.0
"Limber, Susan P.",55.0,97.0,0.0
"Doughty, Susan Elizabeth",45.0,92.5,2.5
"McKibben, Eric S",52.0,100.0,0.0
"Vosika, Emma",87.0,98.0,2.0
"Boucher, Erica Rose",40.0,91.0,3.0
"Cotterill, Ben Francis",55.666666666666664,93.66666666666666,2.6666666666666665
"Hester, John Robert",11.0,73.0,5.0
"Baker, Anna",88.0,98.5,0.0
"Small, Mark A",89.5,100.0,0.0
"Kowalski, Robin Marie",63.0,100.0,0.0
"Pericot Valverde, Irene",74.5,93.0,7.0
"Bennett, Brooke Lauren",83.0,97.5,2.5
"Quick, Lucinda Sorciere Shealy",62.5,97.0,2.5
"Rosopa, Patrick J",85.0,88.0,12.5
"Sinclair, Robert Raymond",68.0,94.5,5.5
"Volante, William Glenn",33.0,99.0,0.0
"Nicholson-Bell, Jody Samantha",90.0,100.0,0.0
"Raymark, Patrick H",80.0,100.0,0.0
"Allan, Jinan Nimati",90.0,100.0,0.0
"Buckman, Stephen Thomas",74.0,97.5,2.0
"Herrick, Amy Matthews",73.0,100.0,0.0
"Patterson, Brett C",42.75,90.75,7.5
"Stephens, Robert J",76.0,98.33333333333333,1.0
"Saif, Mashal",46.0,91.5,3.0
"White, Benjamin L",63.0,88.0,0.0
"Robinson, Kenneth L",79.66666666666667,96.33333333333334,3.6666666666666665
"Kane, Charles Anderson",70.0,100.0,0.0
"Morris, Stephanie Elysse",72.0,100.0,0.0
"Bufford, Sharetta Marquese",83.0,98.0,0.0
"Coffman, Carolyn Candace",77.5,99.25,0.25
"Mannheimer, Andrew Herman",91.8,97.39999999999999,0.4
"Pocratsky, Briana",87.5,99.0,0.0
"McDonough, Shannon M",65.66666666666667,96.66666666666667,1.3333333333333333
"Maher, Thomas V",46.5,98.0,0.0
"Li, Miao",63.5,98.5,0.0
"Tsykalova, Lyudmyla",87.0,100.0,0.0
"Greenberg, Pierce Lewis",58.5,96.5,0.0
"Luo, Ye",43.5,90.0,0.0
"Haller, William J",85.0,99.5,0.0
"Groh, Sarah M.",82.5,93.5,5.0
"Moon, Minyoung",40.0,92.0,2.0
"Costello, Matthew John",48.0,91.5,2.0
"Holland, Jennifer Leanne Crenshaw",54.0,99.0,0.0
"Sianko, Natallia Sergeevna",63.0,89.0,13.0
"Collins, Cerenity Enia",83.0,99.0,1.0
"Pillcurima, Rosa Macarena",71.25,98.75,1.25
"Flores, Yezid",65.2,93.60000000000001,3.0
"Kirven, Lee Elizabeth",65.5,90.75,2.5
"Williamson, Debra Oaks",60.5,100.0,0.0
"Madison, Stephanie Marie",77.5,89.0,2.5
"Goebelt, Emily Claire",74.0,97.0,3.3333333333333335
"Miller, Ana Paula E",68.25,95.0,4.75
"Schmucker, Ellory W",64.0,96.0,0.0
"Zamora, Maureen",57.5,84.75,11.5
"Logue, Nora Arostegui",70.75,96.25,2.75
"Garcia Vieyra, Daniel David",83.4,99.4,0.0
"Williams, Eben-Ezer Magnus",73.75,98.75,0.0
"Garcia Rodriguez, Alma Yadhira",74.5,100.25,0.0
"Persico, Melva Marguerite",50.5,96.5,4.0
"Anido, Raquel",54.0,93.0,4.0
"Velasco Trujillo, Ricardo Alonso",74.0,99.5,0.0
"Moore, Arelis",83.0,94.66666666666666,1.6666666666666667
"Oropesa, Salvador A",55.0,96.0,5.0
"Willis, Morgan Elizabeth",43.666666666666664,90.33333333333333,1.3333333333333333
"Li, Yezhuo",45.0,97.0,0.0
"Taylor, Jesse Waites",42.25,91.25,1.75
"Walker, S Erwin",39.0,88.5,3.0
"Norton, Paran Rebekah",86.5,100.5,0.0
"Guo, Na",60.0,96.66666666666667,1.3333333333333333
"Mitic, Jovana",39.0,89.0,2.0
"Hui, Man Wa",38.0,96.33333333333333,2.3333333333333335
"Ouattara, Ngolo Saliou",73.0,98.0,0.0
"Thomas, April L",67.5,96.5,0.0
"Saltzman, Matthew J",58.0,91.0,2.0
"Edegbe, Naomi Osarumen",50.0,94.0,0.0
"Lauber, Ivy Marianne",48.0,93.0,2.0
"Figueiredo, Jenna E",59.0,100.0,0.0
"Samarawickrama, Ovin Rahul",70.0,97.0,2.0
"Mertin, Alec",23.0,93.0,2.0
"Hu, Hao",76.0,97.0,0.0
"De Castro, Philip",27.0,93.0,3.0
"Smith, Blake James",47.0,89.0,2.0
"Oh, Hyun-Ju",57.0,97.0,1.0
"Bridges, William C",67.0,91.0,5.0
"Bible, Joseph Daniel",52.0,100.0,0.0
"Wang, Yu-Bo",60.0,83.0,15.0
"Gerard, Patrick D",39.0,91.0,6.0
"Russell, Brook Thayer",85.0,97.0,3.0
"Luo, Jun",78.0,100.0,0.0
"Grant, Anne McMahan",94.0,100.0,0.0
"Paxton-Wilson, Nancy",97.0,97.0,3.0
"Childress, Michael J",72.0,97.0,0.0
"Potter, Mary Kailey",73.5,92.0,6.5
"Penna, Anthony M",84.0,100.0,0.0
"Brown, Davion",94.0,100.0,0.0
"Adkins, Jason S",45.0,89.0,7.5
"Collins, Carol A",81.0,95.0,0.0
"Johnson, Kendra Lynette",50.5,92.0,6.0
"Rodgers, Erin Elizabeth",66.0,94.0,0.0
"Seymour, Kerrie Kathleen",70.5,100.0,0.0
"Becker, Becky K",57.0,96.0,0.0
"Barattoni, Luca",96.0,96.0,4.0
"Smith, John Robert",59.0,85.0,0.0
"Skrodzka, Agnieszka",60.0,97.0,0.0
"Sokolow, Samuel Wolfe",82.0,100.0,0.0
"Jachowski, Catherine Michelle Bodinof",59.0,100.0,0.0
"Farmer, Troy Mason",76.5,96.0,0.0
"Smith, Neil A",23.0,92.0,0.0
"Peoples, Brandon Kevin",71.0,101.0,0.0
"Langlois, Lillie Amanda",67.33333333333333,84.66666666666666,11.0
"OHalloran, Lydia Ries",86.0,95.0,5.0
"Whitehead, Maria Anderson",94.0,100.0,0.0
"Wiley, Kathryn Brennan Stewart",50.0,100.0,0.0
"Kyalo, Cecilia Minoo",89.66666666666667,98.66666666666667,1.0
"Price, Mary J",83.0,100.0,0.0
"Winburn, Emily Nicole",87.0,100.0,0.0
"Anderson, Allison Avishai",65.0,95.0,0.0
"Heffington, Leslie Elizabeth",77.0,89.0,0.0
"Johnson, Kimberly Pearson",93.0,97.0,0.0
"Helms, Jonathan Alexander",88.0,96.0,4.0
"Melton, Theresa Noelle",81.0,100.0,0.0
"Garst, Barry A",60.0,90.0,0.0
"Gillard, Ann Marie",81.0,96.0,0.0
"Browning, Matthew H E Mutel",78.0,100.0,0.0
